{"cameraMode":{"drawMode":0,"name":"Shaded","section":"Shading Mode"},"sceneLighting":false,"audioPlay":false,"sceneViewState":{"m_AlwaysRefresh":false,"showFog":true,"showSkybox":false,"showFlares":true,"showImageEffects":true,"showParticleSystems":true,"showVisualEffectGraphs":true,"m_FxEnabled":true},"in2DMode":false,"pivot":{"x":0.18517988920211793,"y":0.6192367076873779,"z":-0.06965553760528565},"rotation":{"x":-0.006032153498381376,"y":-0.9939396977424622,"z":0.07349556684494019,"w":-0.08157932013273239},"size":0.7501132488250732,"orthographic":false}