{"cameraMode":{"drawMode":0,"name":"Shaded","section":"Shading Mode"},"sceneLighting":true,"audioPlay":false,"sceneViewState":{"m_AlwaysRefresh":false,"showFog":true,"showSkybox":true,"showFlares":true,"showImageEffects":true,"showParticleSystems":true,"showVisualEffectGraphs":true,"m_FxEnabled":true},"in2DMode":false,"pivot":{"x":810.9619140625,"y":387.4628601074219,"z":-53.61492919921875},"rotation":{"x":0.01768888533115387,"y":0.008095666766166687,"z":0.00014378484047483653,"w":-0.9998040199279785},"size":174.21397399902345,"orthographic":true}