{"cameraMode":{"drawMode":0,"name":"Shaded","section":"Shading Mode"},"sceneLighting":true,"audioPlay":false,"sceneViewState":{"m_AlwaysRefresh":false,"showFog":true,"showSkybox":true,"showFlares":true,"showImageEffects":true,"showParticleSystems":true,"showVisualEffectGraphs":true,"m_FxEnabled":true},"in2DMode":false,"pivot":{"x":471.5614929199219,"y":263.19720458984377,"z":5.6148223876953129},"rotation":{"x":0.01768888533115387,"y":0.008095666766166687,"z":0.00014378484047483653,"w":-0.9998040199279785},"size":290.1033020019531,"orthographic":true}