{"cameraMode":{"drawMode":0,"name":"Shaded","section":"Shading Mode"},"sceneLighting":true,"audioPlay":false,"sceneViewState":{"m_AlwaysRefresh":false,"showFog":true,"showSkybox":true,"showFlares":true,"showImageEffects":true,"showParticleSystems":true,"showVisualEffectGraphs":true,"m_FxEnabled":true},"in2DMode":false,"pivot":{"x":543.4313354492188,"y":386.9472351074219,"z":16.645095825195314},"rotation":{"x":0.01768888533115387,"y":0.008095666766166687,"z":0.00014378484047483653,"w":-0.9998040199279785},"size":268.9070129394531,"orthographic":true}