{"cameraMode":{"drawMode":0,"name":"Shaded","section":"Shading Mode"},"sceneLighting":true,"audioPlay":false,"sceneViewState":{"m_AlwaysRefresh":false,"showFog":true,"showSkybox":true,"showFlares":true,"showImageEffects":true,"showParticleSystems":true,"showVisualEffectGraphs":true,"m_FxEnabled":true},"in2DMode":false,"pivot":{"x":199.24822998046876,"y":313.6622314453125,"z":17.84967041015625},"rotation":{"x":0.01618681475520134,"y":-0.01889919862151146,"z":-0.00030546128982678056,"w":-0.9996837377548218},"size":213.6698760986328,"orthographic":true}