{"cameraMode":{"drawMode":0,"name":"Shaded","section":"Shading Mode"},"sceneLighting":true,"audioPlay":false,"sceneViewState":{"m_AlwaysRefresh":false,"showFog":true,"showSkybox":true,"showFlares":true,"showImageEffects":true,"showParticleSystems":true,"showVisualEffectGraphs":true,"m_FxEnabled":true},"in2DMode":false,"pivot":{"x":210.64761352539063,"y":500.8271179199219,"z":8.647918701171875},"rotation":{"x":0.010183320380747319,"y":-0.03689243644475937,"z":-0.0003754085919354111,"w":-0.9992618560791016},"size":194.1393280029297,"orthographic":true}