{"cameraMode":{"drawMode":0,"name":"Shaded","section":"Shading Mode"},"sceneLighting":true,"audioPlay":false,"sceneViewState":{"m_AlwaysRefresh":false,"showFog":true,"showSkybox":true,"showFlares":true,"showImageEffects":true,"showParticleSystems":true,"showVisualEffectGraphs":true,"m_FxEnabled":true},"in2DMode":false,"pivot":{"x":541.572021484375,"y":209.14846801757813,"z":-8.141998291015625},"rotation":{"x":0.010183320380747319,"y":-0.03689243644475937,"z":-0.0003754085919354111,"w":-0.9992618560791016},"size":403.4564514160156,"orthographic":true}