{"cameraMode":{"drawMode":0,"name":"Shaded","section":"Shading Mode"},"sceneLighting":true,"audioPlay":false,"sceneViewState":{"m_AlwaysRefresh":false,"showFog":true,"showSkybox":true,"showFlares":true,"showImageEffects":true,"showParticleSystems":true,"showVisualEffectGraphs":true,"m_FxEnabled":true},"in2DMode":false,"pivot":{"x":320.4314880371094,"y":169.94041442871095,"z":196.1492919921875},"rotation":{"x":-0.027298668399453164,"y":-0.023392101749777795,"z":0.000639213714748621,"w":-0.9993555545806885},"size":311.517822265625,"orthographic":false}