{"cameraMode":{"drawMode":0,"name":"Shaded","section":"Shading Mode"},"sceneLighting":true,"audioPlay":false,"sceneViewState":{"m_AlwaysRefresh":false,"showFog":true,"showSkybox":true,"showFlares":true,"showImageEffects":true,"showParticleSystems":true,"showVisualEffectGraphs":true,"m_FxEnabled":true},"in2DMode":false,"pivot":{"x":565.3088989257813,"y":224.2255401611328,"z":-156.744873046875},"rotation":{"x":0.037929996848106387,"y":-0.09457923471927643,"z":0.003596964990720153,"w":0.9947835803031921},"size":370.7155456542969,"orthographic":true}