{"cameraMode":{"drawMode":0,"name":"Shaded","section":"Shading Mode"},"sceneLighting":false,"audioPlay":false,"sceneViewState":{"m_AlwaysRefresh":false,"showFog":true,"showSkybox":false,"showFlares":true,"showImageEffects":true,"showParticleSystems":true,"showVisualEffectGraphs":true,"m_FxEnabled":true},"in2DMode":false,"pivot":{"x":0.1702786237001419,"y":0.5282092094421387,"z":-0.026677489280700685},"rotation":{"x":0.004232035018503666,"y":-0.9954163432121277,"z":0.07961265742778778,"w":0.052913226187229159},"size":0.4501132369041443,"orthographic":false}