{"cameraMode":{"drawMode":0,"name":"Shaded","section":"Shading Mode"},"sceneLighting":false,"audioPlay":false,"sceneViewState":{"m_AlwaysRefresh":false,"showFog":true,"showSkybox":false,"showFlares":true,"showImageEffects":true,"showParticleSystems":true,"showVisualEffectGraphs":true,"m_FxEnabled":true},"in2DMode":false,"pivot":{"x":-0.46280375123023989,"y":0.7037217617034912,"z":0.7475449442863464},"rotation":{"x":-0.029695598408579828,"y":-0.9624956250190735,"z":0.11782438308000565,"w":-0.2425827533006668},"size":0.26617252826690676,"orthographic":false}