{"cameraMode":{"drawMode":0,"name":"Shaded","section":"Shading Mode"},"sceneLighting":false,"audioPlay":false,"sceneViewState":{"m_AlwaysRefresh":false,"showFog":true,"showSkybox":false,"showFlares":true,"showImageEffects":true,"showParticleSystems":true,"showVisualEffectGraphs":true,"m_FxEnabled":true},"in2DMode":false,"pivot":{"x":0.3592187762260437,"y":0.7676073312759399,"z":-0.28647100925445559},"rotation":{"x":-0.029903436079621316,"y":-0.9337230920791626,"z":0.08031877875328064,"w":-0.3476160764694214},"size":0.4501134157180786,"orthographic":false}